publication_id,mfox_study_id,title,year,journal,doi,pmid,publication_type,mf_scope,source_url,date_verified,notes
CP001,S001,Single-cell analysis of menstrual endometrial tissues defines phenotypes associated with endometriosis,2022,BMC Medicine,10.1186/s12916-022-02500-3,36104692.0,Original research,MFOX evidence,https://pmc.ncbi.nlm.nih.gov/articles/PMC9476391/,2026-09-25,Seeded from curated MFOX evidence table.
CP002,S002,Analysis of menstrual effluent: diagnostic potential for endometriosis,2018,Molecular Medicine,,30134794.0,Original research,MFOX evidence,https://pmc.ncbi.nlm.nih.gov/articles/PMC6016873/,2026-09-25,Seeded from curated MFOX evidence table.
CP003,S003,Single-cell characterization of menstrual fluid at homeostasis and in endometriosis,2024,medRxiv,10.1101/2024.05.06.24306766,,Preprint,MFOX evidence,https://www.medrxiv.org/content/10.1101/2024.05.06.24306766v1.full,2026-09-25,Seeded from curated MFOX evidence table.
CP004,S004,Single-nucleus analysis of menstrual fluid highlights gene expression differences in epithelial cells of endometriosis donors,2026,BMC Medicine,10.1186/s12916-026-05020-6,42381032.0,Original research,MFOX evidence,https://link.springer.com/article/10.1186/s12916-026-05020-6,2026-09-25,Seeded from curated MFOX evidence table.
CP005,S005,Proteomic Analysis of Menstrual Blood,2012,Molecular & Cellular Proteomics,10.1074/mcp.M112.018390,22822186.0,Original research,MFOX evidence,https://pmc.ncbi.nlm.nih.gov/articles/PMC3494145/,2026-09-25,Seeded from curated MFOX evidence table.
CP006,S006,Diagnostic Value of Menstrual Blood Lipidomics in Endometriosis: A Pilot Study,2024,Biomolecules,10.3390/biom14080899,39199287.0,Original research,MFOX evidence,https://pmc.ncbi.nlm.nih.gov/articles/PMC11351896/,2026-09-25,Seeded from curated MFOX evidence table.
CP007,S007,Potential Role of Menstrual Fluid-Derived Small Extracellular Vesicle Proteins in Endometriosis Pathogenesis,2025,Journal of Extracellular Vesicles,10.1002/jev2.70048,40091455.0,Original research,MFOX evidence,https://pmc.ncbi.nlm.nih.gov/articles/PMC11911541/,2026-09-25,Seeded from curated MFOX evidence table.
CP008,S008,Menstrual fluid-derived small extracellular vesicles: a novel reservoir with distinct molecular signatures and implications for endometriosis etiopathology,2026,Human Reproduction Open,10.1093/hropen/hoag020,41924633.0,Original research,MFOX evidence,https://pmc.ncbi.nlm.nih.gov/articles/PMC13038252/,2026-09-25,Seeded from curated MFOX evidence table.
CP009,S009,What Do the Transcriptome and Proteome of Menstrual Blood-Derived Mesenchymal Stem Cells Tell Us about Endometriosis?,2022,International Journal of Molecular Sciences,10.3390/ijms231911515,36232817.0,Original research,MFOX evidence,https://pmc.ncbi.nlm.nih.gov/articles/PMC9570451/,2026-09-25,Seeded from curated MFOX evidence table.
CP010,S010,DIA-based analysis of the menstrual blood proteome identifies association between CXCL5 and IL1RN and endometriosis,2023,Journal of Proteomics,10.1016/j.jprot.2023.104995,37657716.0,Original research,MFOX evidence,https://pubmed.ncbi.nlm.nih.gov/37657716/,2026-09-25,Seeded from curated MFOX evidence table.
CP011,S011,Menstrual blood serum extracellular vesicles reveal novel molecular biomarkers and potential endotypes of unexplained infertility,2025,Scientific Reports,10.1038/s41598-025-95818-w,40199990.0,Original research,MFOX evidence,https://pmc.ncbi.nlm.nih.gov/articles/PMC11978918/,2026-09-25,Seeded from curated MFOX evidence table.
CP012,S012,DNA-based cell typing in menstrual effluent identifies cell type variation by sample collection method: toward noninvasive biomarker development for women's health,2025,Epigenetics,10.1080/15592294.2025.2453275,39825876.0,Original research,MFOX evidence,https://pmc.ncbi.nlm.nih.gov/articles/PMC12698062/,2026-09-25,Seeded from curated MFOX evidence table.
CP013,S013,Inflammatory Mechanisms of Dysmenorrhea: Novel Insights From Menstrual Effluent in an Adolescent Cohort,2025,BJOG,10.1111/1471-0528.18275,40631483.0,Original research,MFOX evidence,https://pmc.ncbi.nlm.nih.gov/articles/PMC12258968/,2026-09-25,Seeded from curated MFOX evidence table.
CP014,S014,A Noninvasive Menstrual Blood-Based Diagnostic Platform for Endometriosis Using Digital Droplet Enzyme-Linked Immunosorbent Assay and Single-Cell RNA Sequencing,2025,Research,10.34133/research.0652,40171018.0,Original research,MFOX evidence,https://pubmed.ncbi.nlm.nih.gov/40171018/,2026-09-26,Seeded from curated MFOX evidence table.
CP015,S015,Untargeted metabolomics reveals that multiple reproductive toxicants are present at the endometrium,2022,Science of the Total Environment,10.1016/j.scitotenv.2022.157005,35772554.0,Original research,MFOX evidence,https://pubmed.ncbi.nlm.nih.gov/35772554/,2026-09-26,Seeded from curated MFOX evidence table.
CP016,S016,"Unlocking uterine biology at home: a validated system for DNA, RNA, and microbial analysis from menstrual effluence",2025,medRxiv,10.1101/2025.05.21.25327630,40502563.0,Preprint,MFOX evidence,https://pubmed.ncbi.nlm.nih.gov/40502563/,2026-09-26,Seeded from curated MFOX evidence table.
CP017,S017,Quantifying inflammatory resolution in human menstruation reveals disease-specific failure modes and enables a non-invasive diagnostic for endometriosis,2026,medRxiv,10.64898/2025.12.30.25343168,41607666.0,Preprint,MFOX evidence,https://pubmed.ncbi.nlm.nih.gov/41607666/,2026-09-26,Seeded from curated MFOX evidence table.
CP018,S018,Identification of menstrual blood markers by proteomic mass spectrometry,2026,International Journal of Legal Medicine,10.1007/s00414-025-03655-3,41286099.0,Original research,MFOX evidence,https://pubmed.ncbi.nlm.nih.gov/41286099/,2026-09-26,Seeded from curated MFOX evidence table.
CP019,S019,Whole genome methylation profiling of menstrual stem cells identifies novel biomarkers for endometriosis,2026,Communications Medicine,10.1038/s43856-026-01641-3,42143138.0,Original research,MFOX evidence,https://pubmed.ncbi.nlm.nih.gov/42143138/,2026-09-26,Seeded from curated MFOX evidence table.
CP020,S020,L26/P-328 Menstrual blood supports non-invasive longitudinal tracking of reproductive tract microbiome dynamics,2026,Human Reproduction,10.1093/humrep/deag083.664,,Original research,MFOX evidence,https://academic.oup.com/humrep/article/41/Supplement_1/deag083.664/8726988,2026-09-26,Seeded from curated MFOX evidence table.
CP021,,Menstrual Effluent in the Pathogenesis and Diagnosis of Endometriosis—A Systematic Review,2026,Diagnostics,10.3390/diagnostics16050677,41827953.0,Systematic review,Broader menstrual-fluid literature,https://pubmed.ncbi.nlm.nih.gov/41827953/,2026-09-26,Broader community bibliography seed; review includes 35 original endometriosis menstrual-effluent studies.
CP022,,Menstrual blood for health and disease monitoring,2026,Nature Reviews Bioengineering,10.1038/s44222-026-00465-z,,Comment,Broader menstrual-fluid literature,https://www.nature.com/articles/s44222-026-00465-z,2026-09-26,Broader community bibliography seed.
CP023,,Potential for and challenges of menstrual blood as a non-invasive diagnostic specimen: current status and future directions,2024,Annals of Medicine and Surgery,10.1097/MS9.0000000000002261,39118774.0,Review,Broader menstrual-fluid literature,https://pubmed.ncbi.nlm.nih.gov/39118774/,2026-09-26,Broader community bibliography seed.
CP024,,The secrets of menstrual blood: emerging frontiers from diagnostic tools to stem cell therapies,2025,Frontiers in Cell and Developmental Biology,10.3389/fcell.2025.1623959,,Review,Broader menstrual-fluid literature,https://doi.org/10.3389/fcell.2025.1623959,2026-09-26,Broader community bibliography seed.
CP025,S021,Menstrual blood closely resembles the uterine immune micro-environment and is clearly distinct from peripheral blood,2014,Human Reproduction,10.1093/humrep/det398,24249743,Original research,Cellular / immune profiling,https://pubmed.ncbi.nlm.nih.gov/24249743/,2026-09-26,Added in v0.8 cellular/community expansion.
CP026,S022,Endometrial natural killer (NK) cells reveal a tissue-specific receptor repertoire,2018,Human Reproduction,10.1093/humrep/dey001,29447367,Original research,Cellular / immune profiling,https://pubmed.ncbi.nlm.nih.gov/29447367/,2026-09-26,Added in v0.8 cellular/community expansion.
CP027,S023,A combination of immune cell types identified through ensemble machine learning strategy detects altered profile in recurrent pregnancy loss: a pilot study,2022,F&S Science,10.1016/j.xfss.2022.02.002,35560014,Original research,Cellular / immune profiling,https://pubmed.ncbi.nlm.nih.gov/35560014/,2026-09-26,Added in v0.8 cellular/community expansion.
CP028,S024,NK cell receptor profiling of endometrial and decidual NK cells reveals pregnancy-induced adaptations,2024,Frontiers in Immunology,10.3389/fimmu.2024.1353556,38571943,Original research,Cellular / immune profiling,https://pubmed.ncbi.nlm.nih.gov/38571943/,2026-09-26,Added in v0.8 cellular/community expansion.
CP029,S025,Menstrual Effluent Derived Immune Cell Composition Is Distinct in Women Using Contraceptives: A Pilot Study,2025,American Journal of Reproductive Immunology,10.1111/aji.70145,41773903,Original research,Cellular / immune profiling,https://pubmed.ncbi.nlm.nih.gov/41773903/,2026-09-26,Added in v0.8 cellular/community expansion.
CP030,S026,"Revealing the immune landscape of menstrual blood: unlocking insights into activation, exhaustion, and mitochondrial mass for reproductive health",2026,Immunotherapy Advances,10.1093/immhor/vlag013,41885004,Original research,Cellular / immune profiling,https://pubmed.ncbi.nlm.nih.gov/41885004/,2026-09-26,Added in v0.8 cellular/community expansion.
CP031,,Menstrual blood; a powerful tool for reproductive immunology research,2023,Journal of Reproductive Immunology,10.1016/j.jri.2023.104015,,Review / perspective,Menstrual-fluid research community,https://doi.org/10.1016/j.jri.2023.104015,2026-09-26,Community publication; not counted as primary evidence.
