company_id,company,city,country,latitude,longitude,website,founded_year,sample_collection,sample_type,technology,disease_application,development_stage,evidence_note,source_url,last_verified,utilization_domain,material_exploited,maturity_level,evidence_status
CO001,Qvin,Menlo Park,USA,37.4529,-122.1817,https://qvin.com/,,Q-Pad / dried menstrual sample strip,Whole menstrual fluid,Biomarker assays; PCR/sequencing; proteomics; metabolomics; microbiome; EV analysis,Cervical screening; glycemic monitoring; STIs; reproductive and systemic health,FDA-cleared menstrual-blood collection/diagnostic platform,"Qvin reports an FDA-cleared Q-Pad platform and >10,000 Q-Pads deployed.",https://qvin.com/platform/,2026-09-26,Diagnostics & screening;Longitudinal monitoring;At-home testing & biosensors;Biomarker discovery,Whole menstrual fluid;DNA / RNA;Proteins / hormones;Microbiome;Metabolites / lipids;Extracellular vesicles (EVs),Regulatory-cleared / commercial platform,Regulatory / clinical evidence
CO002,NextGen Jane,Oakland,USA,37.8044,-122.2712,https://www.nextgenjane.com/,,At-home tampon collection / mail-in kit,Whole menstrual fluid,RNA-seq; qPCR; genomics; microbial and cellular signatures,Endometriosis; adenomyosis; fibroids; infertility; menstrual baseline; pregnancy health,Research / diagnostic development,Company describes longitudinal tampon-based molecular studies and diagnostic development.,https://www.nextgenjane.com/,2026-09-26,Diagnostics & screening;Longitudinal monitoring;Biomarker discovery,Whole menstrual fluid;Menstrual-fluid cells;DNA / RNA;Microbiome,Translational / diagnostic development,Company research program
CO003,theblood,Berlin,Germany,52.52,13.405,https://www.theblood.io/,2022.0,Menstrual-blood collection for laboratory testing,Whole menstrual fluid,Protein biomarkers; hormones; laboratory biomarker analysis; data platform,Fertility; hormones; PCOS/PMOS; endometriosis risk; perimenopause,R&D / product approval pathway,Company states it is developing menstrual-blood tests and reports planned product approval in 2026.,https://www.theblood.io/faqs,2026-09-26,Diagnostics & screening;Longitudinal monitoring;Biomarker discovery,Whole menstrual fluid;Proteins / hormones,Translational / diagnostic development,Company-reported development
CO004,Endometrics,San Francisco,USA,37.7749,-122.4194,https://endometrics.us/,2021.0,Menstrual-fluid collection / at-home diagnostic approach,Whole menstrual fluid,Genomic / molecular biomarkers; RNA expression; proprietary bioinformatics,Endometriosis; broader gynecologic diagnostics,Diagnostic development / translational validation,NIH RADx Tech ACT ENDO awarded Endometrics first place in 2026 for a menstrual-fluid endometriosis diagnostic.,https://www.nih.gov/challenges/radxr-tech-act-endo-challenge,2026-09-26,Diagnostics & screening;Biomarker discovery,Whole menstrual fluid;DNA / RNA,Clinical / translational validation,Public / institutional validation
CO005,NariNext,,USA,,,https://narinext.com/,,Standardized menstrual-fluid collection and stabilization platform,Whole menstrual fluid,Collection/stabilization; pre-analytical standardization; biomarker discovery infrastructure,Fertility; endometriosis; PCOS; oncology; research and diagnostics,R&D / platform development,"Company states it is developing a standardized, lab-ready menstrual-fluid collection and stabilization platform for research and diagnostic use.",https://narinext.com/,2026-09-26,Collection & preanalytics;Research infrastructure;Biomarker discovery,Whole menstrual fluid,R&D / platform development,Company-reported platform
CO006,MenSC Labs,Singapore,Singapore,1.29027,103.851959,https://mensc-labs.com/,2025.0,Menstrual-blood collection with isolation/culture of menstrual-blood-derived cells,Cultured menstrual-derived cells,Cell isolation/culture; mesenchymal stem cells; extracellular vesicles; regenerative medicine,Women's health; regenerative medicine; menstrual-blood screening research,Research-use products / R&D,Company offers research-use menstrual-blood-derived MSC and EV products and describes a menstrual-blood laboratory screening pilot.,https://mensc-labs.com/,2026-09-26,Regenerative medicine;Cell-derived products;Research tools & biobanking,Menstrual-fluid cells;Cultured menstrual-derived cells;Extracellular vesicles (EVs),Research-use products / R&D,Commercial research-use documentation
CO007,Fertilysis,,Greece,,,https://www.fertilysis.com/,,At-home menstrual-blood vial; menstrual cup also supported,Whole menstrual fluid,Microbiome molecular testing; reproductive immunology; laboratory diagnostics,Infertility; recurrent pregnancy loss; endometritis; reproductive microbiome,Commercial testing service,Fertilysis instructions and panels explicitly use menstrual blood alongside vaginal and/or peripheral-blood samples for microbiome and reproductive-health testing.,https://www.fertilysis.com/instructions,2026-09-26,Diagnostics & screening;Fertility & reproductive health;Commercial testing,Whole menstrual fluid;Microbiome,Commercial testing service,Commercial service documentation
CO008,Diamens,Linz,Austria,48.30694,14.28583,https://diamens.org/,2024.0,Menstrual-blood sampling for laboratory biomarker analysis,Whole menstrual fluid,Molecular biomarker assay; laboratory diagnostics,Endometriosis,Clinical validation / diagnostic development,Diamens is running a multicenter diagnostic validation study of a menstrual-blood biomarker laboratory test for endometriosis.,https://diamens.org/,2026-09-26,Diagnostics & screening;Biomarker discovery,Whole menstrual fluid;Proteins / hormones,Clinical validation,Clinical validation study
CO009,Papcup,London,United Kingdom,51.5074,-0.1278,https://papcup.co.uk/,,"Menstrual blood from pad, tampon or menstrual cup",Whole menstrual fluid,Electrochemical biosensor; point-of-care HPV testing,High-risk HPV; cervical screening,Early-stage / technical feasibility,Papcup is developing an at-home biosensor for high-risk HPV detection using menstrual blood; an Innovate UK technical feasibility project is active in 2025–2026.,https://papcup.co.uk/,2026-09-26,Diagnostics & screening;At-home testing & biosensors,Whole menstrual fluid;DNA / RNA,Early-stage feasibility,Public innovation / feasibility project
