person_id,name,role,study_id,institution,city,region,country,latitude,longitude,expertise_tags,orcid,public_profile_url,notes
P001,Christine N. Metz,Senior investigator,S001;S002;S015,Feinstein Institutes for Medical Research / Northwell Health,Manhasset,NY,USA,40.7984,-73.6996,menstrual effluent; endometriosis; immunology; single-cell; metabolomics,,https://pubmed.ncbi.nlm.nih.gov/36104692/,Publication affiliation; recurring MFOX investigator
P002,Peter K. Gregersen,Senior investigator,S001;S002;S015,Feinstein Institutes for Medical Research / Northwell Health,Manhasset,NY,USA,40.7984,-73.6996,menstrual effluent; endometriosis; genomics; single-cell,,https://pubmed.ncbi.nlm.nih.gov/36104692/,Publication affiliation; recurring MFOX investigator
P003,Andrew J. Shih,Investigator,S001,Feinstein Institutes for Medical Research / Northwell Health,Manhasset,NY,USA,40.7984,-73.6996,single-cell RNA-seq; menstrual effluent; endometriosis,,https://pubmed.ncbi.nlm.nih.gov/36104692/,First author of MFOX single-cell study
P004,Angela Goncalves,Corresponding investigator,S003,German Cancer Research Center (DKFZ),Heidelberg,,Germany,49.4143,8.6724,single-cell RNA-seq; menstrual fluid; endometriosis; computational biology,,https://www.medrxiv.org/content/10.1101/2024.05.06.24306766v1,Corresponding author affiliation from preprint
P005,Camille Berthelot,Corresponding investigator,S004,Institut Pasteur / Université Paris Cité,Paris,,France,48.8407,2.311,single-nucleus RNA-seq; bulk RNA-seq; endometriosis; functional genomics,,https://pubmed.ncbi.nlm.nih.gov/42381032/,Corresponding author
P006,Axelle Brulport,Corresponding investigator,S004,Institut Pasteur / INSERM / Centre Léon Bérard,Paris / Lyon,,France,48.8566,2.3522,single-nucleus RNA-seq; menstrual fluid; endometriosis,,https://pubmed.ncbi.nlm.nih.gov/42381032/,Corresponding author; multi-institution affiliation
P007,Shanti Gurung,Corresponding investigator,S007,Hudson Institute of Medical Research / Monash University,Clayton,VIC,Australia,-37.9105,145.134,extracellular vesicles; proteomics; endometriosis; menstrual fluid,,https://pubmed.ncbi.nlm.nih.gov/40091455/,Corresponding author
P008,Caroline E. Gargett,Senior investigator,S007,Hudson Institute of Medical Research / Monash University,Clayton,VIC,Australia,-37.9105,145.134,endometrial biology; extracellular vesicles; menstrual fluid; endometriosis,,https://pubmed.ncbi.nlm.nih.gov/40091455/,Senior author
P009,Gino Nardocci,Investigator,S008,Universidad de los Andes / CiiB,Santiago,,Chile,-33.405,-70.506,extracellular vesicles; RNA-seq; bioinformatics; endometriosis,,https://pubmed.ncbi.nlm.nih.gov/41924633/,Publication and GEO contact affiliation
P010,Natalia Starodubtseva,Investigator,S006,"Kulakov National Medical Research Center for Obstetrics, Gynecology and Perinatology",Moscow,,Russia,55.6697,37.488,lipidomics; mass spectrometry; endometriosis; menstrual blood,,https://pubmed.ncbi.nlm.nih.gov/39199287/,First author
P011,Jian Zhang,Corresponding investigator,S010,"International Peace Maternity and Child Health Hospital, Shanghai Jiao Tong University",Shanghai,,China,31.202,121.437,proteomics; DIA mass spectrometry; endometriosis; menstrual blood,,https://pubmed.ncbi.nlm.nih.gov/37657716/,Corresponding author
P012,Margaret M. Mc Gee,Corresponding investigator,S011,University College Dublin / Conway Institute,Dublin,,Ireland,53.3067,-6.2214,extracellular vesicles; proteomics; unexplained infertility; menstrual blood,,https://pubmed.ncbi.nlm.nih.gov/40199990/,Corresponding author
P013,Irma M. Vlasac,Corresponding investigator,S012,Geisel School of Medicine at Dartmouth,Lebanon,NH,USA,43.6776,-72.273,DNA methylation; cell typing; menstrual effluent; population research,0000-0002-1037-2698,https://pubmed.ncbi.nlm.nih.gov/39825876/,Corresponding author
P014,Shruthi Mahalingaiah,Senior investigator,S015,Harvard T.H. Chan School of Public Health,Boston,MA,USA,42.3355,-71.1026,metabolomics; exposome; reproductive epidemiology; menstrual blood,,https://pubmed.ncbi.nlm.nih.gov/35772554/,Corresponding author
P015,Ridhi Tariyal,Corresponding investigator,S016,"NextGen Jane, Inc.",Oakland,CA,USA,37.8044,-122.2712,at-home collection; RNA-seq; metatranscriptomics; reproductive diagnostics,,https://pubmed.ncbi.nlm.nih.gov/40502563/,Corresponding author; company affiliation
P016,Stephen Gire,Corresponding investigator,S016,"NextGen Jane, Inc.",Oakland,CA,USA,37.8044,-122.2712,at-home collection; RNA-seq; metatranscriptomics; menstrual effluence,,https://pubmed.ncbi.nlm.nih.gov/40502563/,Corresponding author; company affiliation
P017,Ping Duan,Senior investigator,S014,Second Affiliated Hospital of Wenzhou Medical University,Wenzhou,Zhejiang,China,27.9938,120.6994,single-cell RNA-seq; endometriosis diagnostics; menstrual blood,,https://pubmed.ncbi.nlm.nih.gov/40171018/,Publication affiliation
P018,Donald Siegel,Corresponding investigator,S005;S018,New York City Office of Chief Medical Examiner,New York,NY,USA,40.739,-73.9764,proteomics; mass spectrometry; menstrual blood; forensic biomarkers,,https://pubmed.ncbi.nlm.nih.gov/22822186/,Corresponding author / recurring menstrual-blood proteomics investigator
