registry_id,registry,title,status,clinical_context,condition,study_type,phase,enrollment,sponsor,country,start_date,completion_date,menstrual_fluid_role,sample_type,technology,mf_relevance,linked_study_id,source_url,last_verified,notes,other_registrations,other_registry_url
NCT05601596,ClinicalTrials.gov,ROSE II: Pilot Study to Analyze Menstrual Blood to Predict Endometriosis,Enrolling by invitation,Endometriosis,Endometriosis,Observational / diagnostic development,Not applicable,250.0,Northwell Health,USA,2022-05-27,,Primary biospecimen,Whole menstrual fluid,Single-cell transcriptomics,Menstrual blood is analyzed to develop a non-invasive endometriosis screening/diagnostic algorithm,,https://clinicaltrials.gov/study/NCT05601596,2026-09-29,Registry protocol describes prospective menstrual-blood scRNA-seq and repeated-cycle reproducibility work.,,
NCT04085835,ClinicalTrials.gov,Evolution and Genetic Basis of Menstruation in Women,Completed,Healthy / reference,Menstruation,Observational,Not applicable,21.0,INSERM,France,2020-10-27,2025-04-27,Primary biospecimen,Whole menstrual fluid,Single-nucleus transcriptomics,Non-invasive menstrual-fluid collection for gene-expression and regulatory profiling,S004,https://clinicaltrials.gov/study/NCT04085835,2026-09-29,EVOMENS; linked to a curated MFOX publication where the relationship is explicitly reported.,,
NCT05150639,ClinicalTrials.gov,Vaginal Microbiome and IVF Pregnancy Outcome,Completed,Infertility,Vaginal dysbiosis / IVF outcome,Prospective observational cohort,Not applicable,301.0,Freya Biosciences ApS,USA,2022-03-18,2023-05-26,Optional biospecimen,Whole menstrual fluid,,Menstrual effluent is an optional collected sample for complementary reproductive-tract biomarker information,,https://clinicaltrials.gov/study/NCT05150639,2026-09-29,Registry explicitly lists menstrual effluent as optional alongside vaginal and blood samples.,,
NCT00001454,ClinicalTrials.gov,Endometrial Mediators of Gonadal Steroid Action,Completed,Mixed clinical cohorts,Healthy / endometriosis / infertility,Observational,Not applicable,129.0,NICHD / NIH,USA,1995-04-21,2015-07-27,Primary or alternative tissue source,Whole menstrual fluid,Bulk transcriptomics,Protocol collected endometrium and/or menstrual effluent for hormone-responsive molecular studies,,https://clinicaltrials.gov/study/NCT00001454,2026-09-29,Historical tissue-collection protocol; menstrual effluent was obtained with an intravaginal collection device in some participants.,,
NCT07638085,ClinicalTrials.gov,Exploring and Validating Biomarkers in Menstrual Blood,Not yet recruiting,Infertility,Fertility / infertility,Prospective observational cohort,Not applicable,100.0,Genie Fertility Ltd,United Kingdom,2026-07-01,2029-04-30,Primary biospecimen,Whole menstrual fluid,,Menstrual blood is compared with venous blood and other reproductive samples for biomarker utility,,https://clinicaltrials.gov/study/NCT07638085,2026-09-29,Menstrual cup collection; registry record is focused on fertility and biomarker validation.,,
NCT07508358,ClinicalTrials.gov,Vaginal Sildenafil for Primary Dysmenorrhea,Not yet recruiting,Dysmenorrhea,Dysmenorrhea / menstrual pain,Interventional,Phase 1,50.0,Kevin Hellman / Endeavor Health,USA,2026-05,2027-10,Secondary biospecimen,Whole menstrual fluid,,Menstrual effluent samples are collected during a mechanistic dysmenorrhea intervention study,,https://clinicaltrials.gov/study/NCT07508358,2026-09-29,Registry explicitly states menstrual effluent collection; the primary mechanistic outcome is uterine contractility by MRI.,,
NCT06332560,ClinicalTrials.gov,Pain in Endometriosis And the Relation to Lifestyle (PEARL),Recruiting,Endometriosis,Endometriosis / adenomyosis,Randomized interventional trial,Not applicable,250.0,Radboud University Medical Center,Netherlands,2024-10-04,,Primary mechanistic biospecimen,Whole menstrual fluid,Immune profiling; epigenetics; microbiome,"Menstrual effluent is collected to measure inflammatory and immune characteristics, epigenetic features and intervention-associated changes.",,https://clinicaltrials.gov/study/NCT06332560,2026-09-29,PEARL. Also registered in the Netherlands public human-research registry.,Onderzoek met mensen (NL): NL-OMON56879,https://onderzoekmetmensen.nl/en/trial/56879
NL-OMON51746,Onderzoek met mensen (NL),Anti-Inflammatory Diet in Endometriosis (AIDEN) study,Completed,Endometriosis,Endometriosis / dysmenorrhea,Interventional feasibility study,Not applicable,,Radboud University Medical Center,Netherlands,,,Primary mechanistic biospecimen,Whole menstrual fluid,Inflammatory marker profiling; microbiome,"Participants collected menstrual effluent to study inflammatory characteristics alongside serum, vaginal microbiome and gut microbiome during an anti-inflammatory diet intervention.",,https://onderzoekmetmensen.nl/en/trial/51746,2026-09-29,Public Dutch human-research registry record (ToetsingOnline / Onderzoek met mensen).,,
NCT05050916,ClinicalTrials.gov,The Investigation of Vitamin D and Menstrual Cycles Trial (inVitD),Completed,Healthy / reference,Reproductive physiology / vitamin D,Interventional clinical trial,Phase 2,57.0,National Institute of Environmental Health Sciences (NIEHS),USA,2023-03-17,2024-06-27,Optional mechanistic biospecimen,Whole menstrual fluid,Vitamin D metabolite assays; stromal-cell decidualization,A subset collected menstrual effluent before and after cholecalciferol supplementation; menstrual-fluid vitamin D metabolites and derived stromal-cell decidualization were studied.,,https://clinicaltrials.gov/study/NCT05050916,2026-09-29,Menstrual-effluent use is documented in the linked 2026 publication and trial-derived methods.,,
NCT05698212,ClinicalTrials.gov,MetriDx Test Proof-of-Concept Study for Endometriosis Biomarkers,Recruiting,Endometriosis,Endometriosis / diagnosis,Diagnostic interventional study,Phase 2,75.0,"Hera Biotech, Inc.",USA,2022-09-14,2023-04-10,Secondary diagnostic biospecimen,Whole menstrual fluid,Microfluidic biomarker analysis; diagnostic algorithm,The protocol specifies menstrual-effluent collection and analysis with the MetriDx assay alongside tissue-based diagnostic assessment.,,https://clinicaltrials.gov/study/NCT05698212,2026-09-29,The public summary emphasizes uterine biopsy; the posted protocol explicitly describes menstrual-effluent sample analysis.,,
NCT07557992,ClinicalTrials.gov,Reframing Endometrial Physiology by Advanced Integrated Research (REPAIR),Recruiting,Heavy menstrual bleeding,Menorrhagia due to benign causes,Prospective observational cohort,Not applicable,100.0,University Hospital Southampton NHS Foundation Trust,United Kingdom,2026-02-06,2030-02-01,Mechanistic biospecimen,Whole menstrual fluid,Molecular biomarker profiling; cine MRI; wearable electrophysiology,"Menstrual effluent collected during menstruation is analyzed for molecular biomarkers alongside endometrial biopsy, vaginal swabs, blood, MRI and wearable physiology.",,https://clinicaltrials.gov/study/NCT07557992,2026-09-29,REPAIR integrates menstrual-fluid biomarkers with functional uterine physiology and imaging in heavy menstrual bleeding.,,
ISRCTN72218532,ISRCTN,Can the levels of a cell signalling factor in menstrual blood be used as a test for endometriosis?,Completed,Endometriosis,Endometriosis,Diagnostic observational study,Not applicable,50.0,Sriwijaya University / Dr Mohammad Hoesin General Hospital,Indonesia,2019-08-16,2020-12,Primary diagnostic biospecimen,Whole menstrual fluid,TGF-β1 biomarker assay,Menstrual blood TGF-β1 was measured as a candidate diagnostic marker for endometriosis.,,https://www.isrctn.com/ISRCTN72218532,2026-09-29,Retrospectively registered; published results are available.,,
DRKS00036558,German Clinical Trials Register (DRKS),AI-Driven Analysis of Menstrual Blood: Diagnosing Endometriosis through Image Processing,Recruiting planned,Endometriosis,Endometriosis,Prospective non-interventional cross-sectional study,Not applicable,2150.0,"LMU Klinikum, Institute for Infectious and Tropical Medicine",Germany,2025-05-30,,Primary visual phenotype / menstrual-blood observation,Whole menstrual fluid / images,AI image analysis / machine learning,Participants contribute menstrual-blood images for development and validation of machine-learning models for potential endometriosis diagnosis.,,https://drks.de/search/en/trial/DRKS00036558,2026-09-29,MAI (Menstrual Blood AI); prospective DRKS registration.,,
NCT06245512,ClinicalTrials.gov,Diagnostic and Prognostic Markers of Endometriosis in Menstrual Blood (MultiMENDo),Recruiting,Endometriosis,Endometriosis,Prospective observational biomarker study,Not applicable,250.0,INSERM / Hôpital Cochin,France,2024-07-31,2027-03-30,Primary biospecimen,Whole menstrual fluid,Multi-omics biomarker profiling; gene expression,"Repeated menstrual-blood sampling is used to identify diagnostic, prognostic and treatment-response biomarkers in endometriosis.",,https://clinicaltrials.gov/study/NCT06245512,2026-09-29,Clinical registry record associated with the MultiMENDo research program.,,
NCT06214260,ClinicalTrials.gov,Menstrual Blood Proteomic Profile in Women With Endometriosis (PROTEO-ENDO),Recruiting,Endometriosis,Endometriosis / endometriosis-related pain,Prospective case-control observational study,Not applicable,66.0,Chinese University of Hong Kong,Hong Kong,2023-11-15,2026-02-15,Primary biospecimen,Whole menstrual fluid,LC-MS/MS proteomics,Menstrual blood is self-collected and profiled by proteomics to identify disease-associated proteins and subtype/stage differences.,,https://clinicaltrials.gov/study/NCT06214260,2026-09-29,PROTEO-ENDO.,,
NCT07553676,ClinicalTrials.gov,Multicenter Diagnostic Validation of a Menstrual-Blood Laboratory Test for Endometriosis,Recruiting,Endometriosis,Endometriosis,Prospective multicenter diagnostic case-control study,Not applicable,200.0,Diamens FlexCo,Austria / Germany,2026-05-06,2029-12-01,Primary diagnostic biospecimen,Whole menstrual fluid,Menstrual-blood biomarker panel / diagnostic validation,Self-collected menstrual blood is used to validate a laboratory biomarker test against confirmed endometriosis and control cohorts.,,https://clinicaltrials.gov/study/NCT07553676,2026-09-29,Industry-sponsored diagnostic validation study by Diamens FlexCo.,,
NCT07578480,ClinicalTrials.gov,MEN-ENDO: Menstrual Stem Cells in Endometriosis,Recruiting,Endometriosis,Endometriosis,Observational case-control study,Not applicable,40.0,Universitat Rovira i Virgili / Hospital Universitari Joan XXIII,Spain,2026-04-01,2028-04-01,Primary cell source,Menstrual blood-derived stem cells,Cell culture; functional assays; immune profiling; molecular profiling,Menstrual blood-derived stem cells and the immune environment are compared between endometriosis and control participants.,,https://clinicaltrials.gov/study/NCT07578480,2026-09-29,MEN-ENDO.,,
ChiCTR2500112495,Chinese Clinical Trial Registry (ChiCTR),Autologous Decidual-like NK Cells Therapy for Reproductive Failure Associated with Abnormal Uterine Natural Killer Cells,Not yet recruiting,Infertility,Reproductive failure associated with abnormal menstrual-blood NK cells,Interventional / randomized controlled,Phase II,159.0,"Nanjing Drum Tower Hospital, Affiliated Hospital of Medical School, Nanjing University",China,2025-11-01,2028-09-30,Biomarker / stratification biospecimen,Whole menstrual fluid,Menstrual-blood NK-cell profiling / immune phenotyping,Menstrual blood NK-cell abnormalities are used to identify the target reproductive-failure population and menstrual blood is collected as a study biospecimen.,,https://www.chictr.org.cn/showprojEN.html?proj=294289,2026-09-29,Prospectively registered ChiCTR multicenter trial; menstrual blood is explicitly collected and menstrual-blood NK-cell improvement is a secondary outcome.,,
ChiCTR1900024908,Chinese Clinical Trial Registry (ChiCTR),Autologous Menstrual Blood Stem Cells for Infertility Caused by Moderate or Severe Intrauterine Adhesion,Status not captured,Infertility,Infertility caused by moderate/severe intrauterine adhesions,Interventional / cell therapy,Not specified,,Not specified in curated record,China,,,Therapeutic cell source,Menstrual blood-derived stem cells,Cell culture / autologous cell therapy,Autologous menstrual blood-derived stem cells are the therapeutic product used to treat infertility associated with intrauterine adhesions.,,https://www.chictr.org.cn/showproj.html?proj=36335,2026-09-29,ChiCTR record explicitly lists menstrual blood as a collected human specimen and the source of the autologous stem-cell therapy.,,
ChiCTR2500108993,Chinese Clinical Trial Registry (ChiCTR),Phase II Study of Menstrual Blood-Derived Mesenchymal Stem Cells (SC01009) for Idiopathic Pulmonary Fibrosis,Prospective registration,Systemic / regenerative medicine,Idiopathic pulmonary fibrosis,Interventional / randomized placebo-controlled,Phase II,,Not specified in curated record,China,,,Therapeutic cell source,Menstrual blood-derived stem cells,Cell therapy / mesenchymal stromal cells,The investigational cell product SC01009 is derived from menstrual blood and is being evaluated as a systemic cell therapy.,,https://www.chictr.org.cn/showproj.html?proj=287442,2026-09-29,ChiCTR phase II record; included to represent translational utilization of menstrual-blood-derived cells beyond gynecology.,,
RBR-3tknxy,Brazilian Clinical Trials Registry (ReBEC),Influence of Lemon on the Inflammatory Activity of Healthy Women During Menstruation,Data analysis completed,Healthy / reference,Menstrual process in healthy women,Interventional / randomized controlled,Phase I,45.0,Federal University of São Carlos,Brazil,2016-06-01,,Primary biospecimen,Cell-free menstrual fluid,ELISA / inflammatory mediator profiling,"Menstrual fluid was collected on day 2 and analyzed for prostaglandins, inflammatory cytokines and related proteins alongside peripheral blood.",,https://ensaiosclinicos.gov.br/rg/RBR-3tknxy,2026-09-29,ReBEC record and published report both explicitly describe menstrual-fluid collection and immunoassay analysis.,U1111-1227-2108,https://trialsearch.who.int/
ChiCTR2000029267,Chinese Clinical Trial Registry (ChiCTR),Autologous PRP combined with menstrual-blood-derived stem cells for thin endometrium and Asherman syndrome,Not yet recruiting,Infertility,Thin endometrium; Asherman syndrome / intrauterine adhesions,Randomized parallel interventional study,Phase 0 / exploratory,500,Jinan Central Hospital Affiliated to Shandong University,China,,,Autologous cell source / therapeutic product,Cultured menstrual-derived cells,MenSC isolation/culture; PRP; hydrogel/scaffold; intrauterine transplantation,"Menstrual blood is collected by menstrual cup, MenSCs are isolated and expanded, then used alone or with PRP/scaffold for intrauterine treatment of endometrial injury.",,https://www.chictr.org.cn/hvshowproject.html?id=21549&v=1.0,2026-09-29,Registry explicitly describes menstrual-cup collection of menstrual blood and culture of autologous MenSCs before intrauterine transplantation.,,
