study_id,title,year,status,doi,pmid,journal,first_author,country,population_category,condition,study_design,n_total,n_mf,n_controls,longitudinal,primary_aim,source_url,curation_status,date_verified,notes
S001,Single-cell analysis of menstrual endometrial tissues defines phenotypes associated with endometriosis,2022,Peer-reviewed,10.1186/s12916-022-02500-3,36104692.0,BMC Medicine,Shih AJ,USA,Endometriosis,Endometriosis,Case-control,33.0,33.0,9.0,No,Single-cell characterization of menstrual effluent,https://pmc.ncbi.nlm.nih.gov/articles/PMC9476391/,Curated,2026-09-25,GEO GSE203191
S002,Analysis of menstrual effluent: diagnostic potential for endometriosis,2018,Peer-reviewed,,30134794.0,Molecular Medicine,Warren LA,USA,Endometriosis,Endometriosis,Case-control,,,,NR,Immune/cellular phenotyping and stromal decidualization,https://pmc.ncbi.nlm.nih.gov/articles/PMC6016873/,Curated,2026-09-25,Important CD66b+ granulocyte study
S003,Single-cell characterization of menstrual fluid at homeostasis and in endometriosis,2024,Preprint,10.1101/2024.05.06.24306766,,medRxiv,Schwalie PC,Switzerland,Endometriosis,Endometriosis,Case-control,,,,NR,Single-cell/flow/bulk characterization including deconvolution,https://www.medrxiv.org/content/10.1101/2024.05.06.24306766v1.full,Curated,2026-09-25,MuSiC bulk deconvolution
S004,Single-nucleus analysis of menstrual fluid highlights gene expression differences in epithelial cells of endometriosis donors,2026,Peer-reviewed,10.1186/s12916-026-05020-6,42381032.0,BMC Medicine,Leap K,France,Endometriosis,Endometriosis,Case-control,10.0,10.0,5.0,No,Paired snRNA and bulk RNA characterization,https://link.springer.com/article/10.1186/s12916-026-05020-6,Curated,2026-09-25,Paired bulk/snRNA; CIBERSORTx
S005,Proteomic Analysis of Menstrual Blood,2012,Peer-reviewed,10.1074/mcp.M112.018390,22822186.0,Molecular & Cellular Proteomics,Yang H,USA,Healthy physiology,Healthy,Methods/technical,,,,NR,Define menstrual-blood proteome,https://pmc.ncbi.nlm.nih.gov/articles/PMC3494145/,Curated,2026-09-25,Foundational proteomics
S006,Diagnostic Value of Menstrual Blood Lipidomics in Endometriosis: A Pilot Study,2024,Peer-reviewed,10.3390/biom14080899,39199287.0,Biomolecules,Borisova A,NR,Endometriosis,Endometriosis,Case-control,39.0,39.0,16.0,No,Menstrual-blood lipidomics for endometriosis,https://pmc.ncbi.nlm.nih.gov/articles/PMC11351896/,Curated,2026-09-25,Dried menstrual blood spots
S007,Potential Role of Menstrual Fluid-Derived Small Extracellular Vesicle Proteins in Endometriosis Pathogenesis,2025,Peer-reviewed,10.1002/jev2.70048,40091455.0,Journal of Extracellular Vesicles,Gurung S,Australia,Endometriosis,Endometriosis,Case-control,17.0,17.0,9.0,No,MF-sEV proteomics,https://pmc.ncbi.nlm.nih.gov/articles/PMC11911541/,Curated,2026-09-25,PXD042101
S008,Menstrual fluid-derived small extracellular vesicles: a novel reservoir with distinct molecular signatures and implications for endometriosis etiopathology,2026,Peer-reviewed,10.1093/hropen/hoag020,41924633.0,Human Reproduction Open,Nardocci G,Chile,Endometriosis,Endometriosis / parity,Case-control,,,,NR,MF-sEV transcriptomics,https://pmc.ncbi.nlm.nih.gov/articles/PMC13038252/,Curated,2026-09-25,GSE310627
S009,What Do the Transcriptome and Proteome of Menstrual Blood-Derived Mesenchymal Stem Cells Tell Us about Endometriosis?,2022,Peer-reviewed,10.3390/ijms231911515,36232817.0,International Journal of Molecular Sciences,Penariol LBC,Brazil,Endometriosis,Endometriosis,Case-control,20.0,20.0,10.0,No,Integrated MenSC transcriptome/proteome,https://pmc.ncbi.nlm.nih.gov/articles/PMC9570451/,Curated,2026-09-25,PRJNA884641 + PXD037033
S010,DIA-based analysis of the menstrual blood proteome identifies association between CXCL5 and IL1RN and endometriosis,2023,Peer-reviewed,10.1016/j.jprot.2023.104995,37657716.0,Journal of Proteomics,Ji S,China,Endometriosis,Endometriosis,Case-control,16.0,16.0,8.0,No,DIA-MS menstrual-blood proteomics,https://pubmed.ncbi.nlm.nih.gov/37657716/,Curated,2026-09-25,IPX0006757000
S011,Menstrual blood serum extracellular vesicles reveal novel molecular biomarkers and potential endotypes of unexplained infertility,2025,Peer-reviewed,10.1038/s41598-025-95818-w,40199990.0,Scientific Reports,Brennan K,Lithuania/Ireland,Infertility,Unexplained infertility,Case-control,17.0,17.0,9.0,No,MBS EV and EV-depleted serum proteomics,https://pmc.ncbi.nlm.nih.gov/articles/PMC11978918/,Curated,2026-09-25,Cycle day 2; 9 fertile/8 uIF
S012,DNA-based cell typing in menstrual effluent identifies cell type variation by sample collection method: toward noninvasive biomarker development for women's health,2025,Peer-reviewed,10.1080/15592294.2025.2453275,39825876.0,Epigenetics,Vlasac IM,USA,Healthy physiology,Healthy,Methods/technical,12.0,12.0,12.0,No,Methylation cytometry across collection devices,https://pmc.ncbi.nlm.nih.gov/articles/PMC12698062/,Curated,2026-09-25,GSE275888
S013,Inflammatory Mechanisms of Dysmenorrhea: Novel Insights From Menstrual Effluent in an Adolescent Cohort,2025,Peer-reviewed,10.1111/1471-0528.18275,40631483.0,BJOG,Kyathanahalli C,USA,Dysmenorrhea,Adolescent dysmenorrhea,Prospective cohort,51.0,51.0,18.0,No,Menstrual-effluent eicosanoids/oxylipins,https://pmc.ncbi.nlm.nih.gov/articles/PMC12258968/,Curated,2026-09-25,UHPLC-MS subset n=10
S014,A Noninvasive Menstrual Blood-Based Diagnostic Platform for Endometriosis Using Digital Droplet Enzyme-Linked Immunosorbent Assay and Single-Cell RNA Sequencing,2025,Peer-reviewed,10.34133/research.0652,40171018.0,Research,Wang H,China,Endometriosis,Endometriosis,Case-control,,,,No,Single-cell RNA-seq characterization of menstrual-blood-derived cells in endometriosis,https://pubmed.ncbi.nlm.nih.gov/40171018/,Curated,2026-09-26,10x scRNA-seq; menstrual blood included alongside endometrial tissue
S015,Untargeted metabolomics reveals that multiple reproductive toxicants are present at the endometrium,2022,Peer-reviewed,10.1016/j.scitotenv.2022.157005,35772554.0,Science of the Total Environment,Silva EL,USA,Healthy physiology / exposome,"Mixed: 2 endometriosis, 2 without",Pilot,4.0,4.0,,No,Untargeted menstrual-blood metabolomics/exposomics,https://pubmed.ncbi.nlm.nih.gov/35772554/,Curated,2026-09-26,Fresh whole menstrual blood; LC-HRMS
S016,"Unlocking uterine biology at home: a validated system for DNA, RNA, and microbial analysis from menstrual effluence",2025,Preprint,10.1101/2025.05.21.25327630,40502563.0,medRxiv,Gire S,USA,Healthy / reproductive health,Mixed reproductive-health cohort,Methods/technical,328.0,328.0,,Yes,"Validate at-home menstrual effluence for RNA-seq, metatranscriptomics and exome sequencing",https://pubmed.ncbi.nlm.nih.gov/40502563/,Curated,2026-09-26,1067 tampon samples; 12 participants also exome sequenced
S017,Quantifying inflammatory resolution in human menstruation reveals disease-specific failure modes and enables a non-invasive diagnostic for endometriosis,2026,Preprint,10.64898/2025.12.30.25343168,41607666.0,medRxiv,Gire S,USA,Endometriosis / immune disease,"Healthy, endometriosis, autoimmune disease",Longitudinal / diagnostic,342.0,342.0,,Yes,Menstrual RNA-seq to quantify inflammatory-resolution trajectories and endometriosis classification,https://pubmed.ncbi.nlm.nih.gov/41607666/,Curated,2026-09-26,1718 libraries from 1004 tampons; >300 individuals
S018,Identification of menstrual blood markers by proteomic mass spectrometry,2026,Peer-reviewed,10.1007/s00414-025-03655-3,41286099.0,International Journal of Legal Medicine,Yang H,USA,Forensic / healthy physiology,Healthy volunteers,Methods/technical,44.0,44.0,,Yes,Deep menstrual-blood proteomics across days of menses for menstrual-blood marker discovery,https://pubmed.ncbi.nlm.nih.gov/41286099/,Curated,2026-09-26,193 menstrual samples collected; 126 menstrual samples completed LC-MS/MS
S019,Whole genome methylation profiling of menstrual stem cells identifies novel biomarkers for endometriosis,2026,Peer-reviewed,10.1038/s43856-026-01641-3,42143138.0,Communications Medicine,Tiniakou I,Spain / UK,Endometriosis,Endometriosis,Case-control,42.0,42.0,23.0,No,Whole-genome DNA methylation sequencing of menstrual-blood-derived stem cells,https://pubmed.ncbi.nlm.nih.gov/42143138/,Curated,2026-09-26,"19 endometriosis, 23 controls; cultured/isolated MenSC scope"
S020,L26/P-328 Menstrual blood supports non-invasive longitudinal tracking of reproductive tract microbiome dynamics,2026,Conference abstract,10.1093/humrep/deag083.664,,Human Reproduction,NR,NR,Healthy physiology / microbiome,Reproductive-age participants,Prospective longitudinal,20.0,20.0,,Yes,Longitudinal menstrual-blood microbiome profiling,https://academic.oup.com/humrep/article/41/Supplement_1/deag083.664/8726988,Curated,2026-09-26,"Conference abstract; Nanopore long-read 16S; pilot n=20, planned n=50"
S021,Menstrual blood closely resembles the uterine immune micro-environment and is clearly distinct from peripheral blood,2014,Published,10.1093/humrep/det398,24249743,Human Reproduction,R G van der Molen,Netherlands,Healthy,Healthy reproductive physiology,Paired cross-sectional,,,,No,Validate menstrual blood as a non-invasive source of endometrial immune cells,https://pubmed.ncbi.nlm.nih.gov/24249743/,Curated,2026-09-26,Flow-cytometry evidence added in v0.8.
S022,Endometrial natural killer (NK) cells reveal a tissue-specific receptor repertoire,2018,Published,10.1093/humrep/dey001,29447367,Human Reproduction,D Feyaerts,Netherlands,Healthy,Healthy reproductive physiology,Paired cross-sectional / repeated cycles,25,25,,Yes,Characterize endometrial NK receptor repertoire using menstrual blood,https://pubmed.ncbi.nlm.nih.gov/29447367/,Curated,2026-09-26,10-color flow cytometry; menstrual blood collected in first 36 h.
S023,A combination of immune cell types identified through ensemble machine learning strategy detects altered profile in recurrent pregnancy loss: a pilot study,2022,Published,10.1016/j.xfss.2022.02.002,35560014,F&S Science,Marilen Benner,Netherlands,Reproductive disorder,Recurrent pregnancy loss,Explorative case-control,32,32,14,No,Compare flow-cytometry immune profiles in menstrual and peripheral blood in recurrent pregnancy loss,https://pubmed.ncbi.nlm.nih.gov/35560014/,Curated,2026-09-26,RPL n=18; controls n=14.
S024,NK cell receptor profiling of endometrial and decidual NK cells reveals pregnancy-induced adaptations,2024,Published,10.3389/fimmu.2024.1353556,38571943,Frontiers in Immunology,Dorien Feyaerts,Netherlands,Healthy / pregnancy,Reproductive immunology,Comparative immune profiling,,,,No,Profile NK-cell receptor adaptations using menstrual-blood-derived endometrial NK cells,https://pubmed.ncbi.nlm.nih.gov/38571943/,Curated,2026-09-26,Menstrual blood is a source of endometrial NK cells.
S025,Menstrual Effluent Derived Immune Cell Composition Is Distinct in Women Using Contraceptives: A Pilot Study,2025,Published,10.1111/aji.70145,41773903,American Journal of Reproductive Immunology,Aysel Gurbanova,Netherlands,Healthy / contraception,Contraceptive use,Pilot comparative study,13,13,5,No,Assess menstrual-effluent immune-cell composition by contraceptive exposure,https://pubmed.ncbi.nlm.nih.gov/41773903/,Curated,2026-09-26,COC n=5; copper IUD n=3; no contraception n=5.
S026,"Revealing the immune landscape of menstrual blood: unlocking insights into activation, exhaustion, and mitochondrial mass for reproductive health",2026,Published,10.1093/immhor/vlag013,41885004,Immunotherapy Advances,Oliver Richards,United Kingdom,Healthy / reproductive disorder,"Healthy, endometriosis and PCOS",Comparative immune profiling,,,,No,High-dimensional menstrual-blood immune profiling,https://pubmed.ncbi.nlm.nih.gov/41885004/,Curated,2026-09-26,27-color flow cytometry; 40 immune subsets and 546 immunological parameters reported.
